index,A,B,ground_truth,celeb_id
0,vggface2_n000207_0410_01.jpg,vggface2_n000223_0032_01.jpg,different,n000207_n000223
1,vggface2_n000096_0276_02.jpg,vggface2_n000355_0099_01.jpg,different,n000096_n000355
2,lfw_Mark_Philippoussis_Mark_Philippoussis_0010.jpg,lfw_Russell_Coutts_Russell_Coutts_0001.jpg,different,Mark_Philippoussis_Russell_Coutts
3,celeba_10006_201863.jpg,celeba_8063_027895.jpg,different,10006_8063
4,vggface2_n000324_0147_01.jpg,vggface2_n000409_0527_02.jpg,different,n000324_n000409
5,lfw_Dick_Vermeil_Dick_Vermeil_0001.jpg,lfw_Mukesh_Ambani_Mukesh_Ambani_0001.jpg,different,Dick_Vermeil_Mukesh_Ambani
6,lfw_Ibrahim_Jaafari_Ibrahim_Jaafari_0002.jpg,lfw_Nanni_Moretti_Nanni_Moretti_0002.jpg,different,Nanni_Moretti_Ibrahim_Jaafari
7,celeba_3028_166456.jpg,celeba_5564_112297.jpg,different,3028_5564
8,celeba_1525_062771.jpg,celeba_959_118176.jpg,different,1525_959
9,casia_002303_00153710.jpg,casia_003652_00217986.jpg,different,003652_002303
10,vggface2_n000085_0175_01.jpg,vggface2_n000502_0362_01.jpg,different,n000085_n000502
11,lfw_Halle_Berry_Halle_Berry_0013.jpg,lfw_Jean-Pierre_Raffarin_Jean-Pierre_Raffarin_0006.jpg,different,Jean-Pierre_Raffarin_Halle_Berry
12,casia_001995_00138874.jpg,casia_007645_00394148.jpg,different,007645_001995
13,celeba_1635_177112.jpg,celeba_5612_132476.jpg,different,5612_1635
14,celeba_2163_179468.jpg,celeba_4014_068877.jpg,different,4014_2163
15,casia_003604_00215857.jpg,casia_006939_00367672.jpg,different,006939_003604
16,celeba_10063_032968.jpg,celeba_9183_029185.jpg,different,9183_10063
17,casia_001266_00104287.jpg,casia_002203_00149804.jpg,different,001266_002203
18,vggface2_n000086_0183_04.jpg,vggface2_n000086_0113_01.jpg,same,n000086
19,lfw_Chen_Shui-bian_Chen_Shui-bian_0001.jpg,lfw_Peter_Greenaway_Peter_Greenaway_0002.jpg,different,Chen_Shui-bian_Peter_Greenaway
20,celeba_5926_010966.jpg,celeba_7910_188764.jpg,different,5926_7910
21,vggface2_n000205_0507_01.jpg,vggface2_n000489_0282_01.jpg,different,n000205_n000489
22,casia_000332_00036397.jpg,casia_001822_00130971.jpg,different,001822_000332
23,vggface2_n000081_0421_02.jpg,vggface2_n000212_0187_01.jpg,different,n000081_n000212
24,lfw_Jeremy_Greenstock_Jeremy_Greenstock_0022.jpg,lfw_Julianne_Moore_Julianne_Moore_0010.jpg,different,Julianne_Moore_Jeremy_Greenstock
25,lfw_Lleyton_Hewitt_Lleyton_Hewitt_0018.jpg,lfw_Ray_Allen_Ray_Allen_0001.jpg,different,Ray_Allen_Lleyton_Hewitt
26,celeba_4017_168161.jpg,celeba_485_019092.jpg,different,485_4017
27,casia_005468_00301818.jpg,casia_008383_00420174.jpg,different,005468_008383
28,celeba_1073_162142.jpg,celeba_5678_024313.jpg,different,5678_1073
29,casia_003870_00227943.jpg,casia_005518_00304397.jpg,different,005518_003870
30,celeba_1047_128504.jpg,celeba_8329_033368.jpg,different,1047_8329
31,celeba_8926_050225.jpg,celeba_90_071549.jpg,different,90_8926
32,vggface2_n000316_0010_01.jpg,vggface2_n000320_0215_01.jpg,different,n000316_n000320
33,lfw_John_Bolton_John_Bolton_0004.jpg,lfw_Robbie_Fowler_Robbie_Fowler_0002.jpg,different,John_Bolton_Robbie_Fowler
34,celeba_2084_025667.jpg,celeba_4919_022719.jpg,different,2084_4919
35,lfw_Dominique_de_Villepin_Dominique_de_Villepin_0015.jpg,lfw_Mohammad_Khatami_Mohammad_Khatami_0005.jpg,different,Dominique_de_Villepin_Mohammad_Khatami
36,casia_000194_00024026.jpg,casia_007155_00376621.jpg,different,000194_007155
37,celeba_1090_173802.jpg,celeba_2811_052201.jpg,different,2811_1090
38,casia_000774_00066736.jpg,casia_001759_00127401.jpg,different,001759_000774
39,celeba_1497_169879.jpg,celeba_3968_052144.jpg,different,1497_3968
40,vggface2_n000119_0130_01.jpg,vggface2_n000327_0322_02.jpg,different,n000119_n000327
41,vggface2_n000402_0137_01.jpg,vggface2_n000402_0134_01.jpg,same,n000402
42,vggface2_n000075_0023_01.jpg,vggface2_n000186_0288_01.jpg,different,n000186_n000075
43,lfw_King_Abdullah_II_King_Abdullah_II_0001.jpg,lfw_Pierce_Brosnan_Pierce_Brosnan_0007.jpg,different,King_Abdullah_II_Pierce_Brosnan
44,celeba_2482_162336.jpg,celeba_8495_184700.jpg,different,8495_2482
45,celeba_3597_158264.jpg,celeba_4412_161354.jpg,different,4412_3597
46,lfw_George_HW_Bush_George_HW_Bush_0003.jpg,lfw_Thomas_Wyman_Thomas_Wyman_0002.jpg,different,Thomas_Wyman_George_HW_Bush
47,celeba_10154_188311.jpg,celeba_3616_034955.jpg,different,10154_3616
48,celeba_4117_150942.jpg,celeba_5383_191866.jpg,different,4117_5383
49,lfw_Larry_Thompson_Larry_Thompson_0002.jpg,lfw_S_Jayakumar_S_Jayakumar_0002.jpg,different,Larry_Thompson_S_Jayakumar
50,casia_000145_00018890.jpg,casia_000322_00035976.jpg,different,000145_000322
51,casia_000789_00067315.jpg,casia_003639_00217511.jpg,different,000789_003639
52,vggface2_n000241_0225_01.jpg,vggface2_n000444_0133_01.jpg,different,n000241_n000444
53,celeba_5503_056724.jpg,celeba_7716_088474.jpg,different,7716_5503
54,vggface2_n000032_0197_01.jpg,vggface2_n000190_0141_02.jpg,different,n000190_n000032
55,vggface2_n000141_0022_01.jpg,vggface2_n000348_0385_01.jpg,different,n000141_n000348
56,lfw_James_Blake_James_Blake_0008.jpg,lfw_Uma_Thurman_Uma_Thurman_0002.jpg,different,Uma_Thurman_James_Blake
57,lfw_Colin_Farrell_Colin_Farrell_0003.jpg,lfw_Matt_Damon_Matt_Damon_0001.jpg,different,Matt_Damon_Colin_Farrell
58,celeba_1208_138659.jpg,celeba_3785_007236.jpg,different,3785_1208
59,vggface2_n000196_0032_02.jpg,vggface2_n000376_0118_01.jpg,different,n000196_n000376
60,celeba_3597_081778.jpg,celeba_7623_041353.jpg,different,7623_3597
61,casia_005513_00304080.jpg,casia_006475_00348252.jpg,different,005513_006475
62,lfw_Queen_Elizabeth_II_Queen_Elizabeth_II_0004.jpg,lfw_Sourav_Ganguly_Sourav_Ganguly_0001.jpg,different,Sourav_Ganguly_Queen_Elizabeth_II
63,vggface2_n000116_0282_01.jpg,vggface2_n000337_0307_01.jpg,different,n000337_n000116
64,casia_000764_00066177.jpg,casia_001163_00095279.jpg,different,000764_001163
65,lfw_Abel_Pacheco_Abel_Pacheco_0004.jpg,lfw_Paul_Gascoigne_Paul_Gascoigne_0001.jpg,different,Paul_Gascoigne_Abel_Pacheco
66,casia_005296_00294319.jpg,casia_009667_00463884.jpg,different,005296_009667
67,lfw_Shannon_OBrien_Shannon_OBrien_0001.jpg,lfw_Vicente_Fox_Vicente_Fox_0026.jpg,different,Vicente_Fox_Shannon_OBrien
68,celeba_5609_135680.jpg,celeba_7231_055308.jpg,different,7231_5609
69,lfw_Jack_Nicholson_Jack_Nicholson_0002.jpg,lfw_Jennifer_Aniston_Jennifer_Aniston_0009.jpg,different,Jack_Nicholson_Jennifer_Aniston
70,vggface2_n000060_0346_01.jpg,vggface2_n000458_0011_01.jpg,different,n000458_n000060
71,celeba_3268_060435.jpg,celeba_9054_012013.jpg,different,9054_3268
72,lfw_Gerry_Adams_Gerry_Adams_0006.jpg,lfw_Prince_Edward_Prince_Edward_0001.jpg,different,Prince_Edward_Gerry_Adams
73,casia_000306_00034702.jpg,casia_005627_00309589.jpg,different,000306_005627
74,lfw_Leander_Paes_Leander_Paes_0002.jpg,lfw_Sally_Kirkland_Sally_Kirkland_0004.jpg,different,Sally_Kirkland_Leander_Paes
75,lfw_Bill_Parcells_Bill_Parcells_0002.jpg,lfw_Georgi_Parvanov_Georgi_Parvanov_0001.jpg,different,Bill_Parcells_Georgi_Parvanov
76,lfw_Laura_Bush_Laura_Bush_0025.jpg,lfw_Laura_Bush_Laura_Bush_0032.jpg,same,Laura_Bush
77,vggface2_n000172_0155_01.jpg,vggface2_n000356_0163_01.jpg,different,n000172_n000356
78,celeba_5715_049915.jpg,celeba_6210_114846.jpg,different,6210_5715
79,lfw_James_Schultz_James_Schultz_0001.jpg,lfw_Meryl_Streep_Meryl_Streep_0012.jpg,different,Meryl_Streep_James_Schultz
80,celeba_2993_046811.jpg,celeba_8215_185804.jpg,different,2993_8215
81,celeba_140_164795.jpg,celeba_2156_155215.jpg,different,2156_140
82,lfw_George_Voinovich_George_Voinovich_0003.jpg,lfw_Mian_Khursheed_Mehmood_Kasuri_Mian_Khursheed_Mehmood_Kasuri_0003.jpg,different,Mian_Khursheed_Mehmood_Kasuri_George_Voinovich
83,celeba_2178_078481.jpg,celeba_3774_068671.jpg,different,2178_3774
84,vggface2_n000426_0166_01.jpg,vggface2_n000438_0314_01.jpg,different,n000426_n000438
85,vggface2_n000173_0431_01.jpg,vggface2_n000301_0120_01.jpg,different,n000301_n000173
86,celeba_2603_073019.jpg,celeba_482_072870.jpg,different,482_2603
87,casia_007854_00401393.jpg,casia_009561_00460704.jpg,different,009561_007854
88,celeba_5218_187701.jpg,celeba_8827_159681.jpg,different,5218_8827
89,vggface2_n000122_0112_01.jpg,vggface2_n000264_0019_01.jpg,different,n000122_n000264
90,lfw_George_W_Bush_George_W_Bush_0371.jpg,lfw_Pete_Carroll_Pete_Carroll_0001.jpg,different,George_W_Bush_Pete_Carroll
91,casia_002549_00166356.jpg,casia_010428_00487116.jpg,different,010428_002549
92,celeba_3746_126930.jpg,celeba_3797_114184.jpg,different,3746_3797
93,lfw_Barbara_Walters_Barbara_Walters_0001.jpg,lfw_Naoto_Kan_Naoto_Kan_0004.jpg,different,Barbara_Walters_Naoto_Kan
94,lfw_James_Ivory_James_Ivory_0001.jpg,lfw_Rob_Marshall_Rob_Marshall_0002.jpg,different,Rob_Marshall_James_Ivory
95,vggface2_n000136_0269_01.jpg,vggface2_n000216_0280_01.jpg,different,n000216_n000136
96,celeba_4095_151829.jpg,celeba_72_152199.jpg,different,72_4095
97,lfw_Johnny_Unitas_Johnny_Unitas_0002.jpg,lfw_Roh_Moo-hyun_Roh_Moo-hyun_0018.jpg,different,Roh_Moo-hyun_Johnny_Unitas
98,celeba_1234_085009.jpg,celeba_5576_200146.jpg,different,5576_1234
99,lfw_Bob_Graham_Bob_Graham_0006.jpg,lfw_Bobby_Goldwater_Bobby_Goldwater_0002.jpg,different,Bobby_Goldwater_Bob_Graham
100,lfw_Celine_Dion_Celine_Dion_0006.jpg,lfw_Keanu_Reeves_Keanu_Reeves_0010.jpg,different,Keanu_Reeves_Celine_Dion
101,celeba_87_106543.jpg,celeba_9791_110511.jpg,different,87_9791
102,vggface2_n000064_0172_02.jpg,vggface2_n000389_0072_04.jpg,different,n000064_n000389
103,vggface2_n000255_0339_01.jpg,vggface2_n000309_0317_01.jpg,different,n000309_n000255
104,celeba_6132_134002.jpg,celeba_9217_199388.jpg,different,9217_6132
105,vggface2_n000305_0432_01.jpg,vggface2_n000434_0275_01.jpg,different,n000305_n000434
106,lfw_Alejandro_Toledo_Alejandro_Toledo_0008.jpg,lfw_Paul_McCartney_Paul_McCartney_0005.jpg,different,Paul_McCartney_Alejandro_Toledo
107,lfw_Edward_James_Olmos_Edward_James_Olmos_0002.jpg,lfw_Joe_Torre_Joe_Torre_0003.jpg,different,Joe_Torre_Edward_James_Olmos
108,lfw_Tony_Blair_Tony_Blair_0108.jpg,lfw_Tony_Blair_Tony_Blair_0003.jpg,same,Tony_Blair
109,vggface2_n000355_0020_01.jpg,vggface2_n000405_0120_01.jpg,different,n000355_n000405
110,lfw_Meryl_Streep_Meryl_Streep_0014.jpg,lfw_Rolf_Eckrodt_Rolf_Eckrodt_0002.jpg,different,Rolf_Eckrodt_Meryl_Streep
111,celeba_5391_070766.jpg,celeba_8735_000930.jpg,different,5391_8735
112,casia_003801_00225386.jpg,casia_007144_00376236.jpg,different,003801_007144
113,vggface2_n000035_0039_01.jpg,vggface2_n000035_0131_01.jpg,same,n000035
114,vggface2_n000166_0159_03.jpg,vggface2_n000240_0037_01.jpg,different,n000166_n000240
115,casia_008465_00423153.jpg,casia_009307_00453019.jpg,different,009307_008465
116,vggface2_n000206_0143_01.jpg,vggface2_n000316_0384_01.jpg,different,n000316_n000206
117,celeba_2806_111868.jpg,celeba_347_007070.jpg,different,347_2806
118,celeba_6628_098020.jpg,celeba_977_065184.jpg,different,977_6628
119,celeba_2507_155985.jpg,celeba_7266_196078.jpg,different,7266_2507
120,lfw_John_Allen_Muhammad_John_Allen_Muhammad_0004.jpg,lfw_Xavier_Malisse_Xavier_Malisse_0003.jpg,different,Xavier_Malisse_John_Allen_Muhammad
121,lfw_Donald_Rumsfeld_Donald_Rumsfeld_0070.jpg,lfw_Warren_Buffett_Warren_Buffett_0002.jpg,different,Donald_Rumsfeld_Warren_Buffett
122,vggface2_n000297_0292_01.jpg,vggface2_n000431_0075_01.jpg,different,n000297_n000431
123,vggface2_n000235_0055_01.jpg,vggface2_n000488_0087_01.jpg,different,n000235_n000488
124,vggface2_n000024_0228_01.jpg,vggface2_n000208_0232_01.jpg,different,n000208_n000024
125,celeba_1188_182546.jpg,celeba_3135_098385.jpg,different,3135_1188
126,vggface2_n000096_0195_01.jpg,vggface2_n000440_0341_01.jpg,different,n000440_n000096
127,vggface2_n000423_0028_02.jpg,vggface2_n000423_0354_02.jpg,same,n000423
128,celeba_2175_039947.jpg,celeba_532_182608.jpg,different,532_2175
129,celeba_5820_184987.jpg,celeba_9332_202502.jpg,different,5820_9332
130,vggface2_n000358_0005_01.jpg,vggface2_n000412_0100_02.jpg,different,n000358_n000412
131,casia_001215_00099562.jpg,casia_004038_00235967.jpg,different,001215_004038
132,lfw_Adel_Al-Jubeir_Adel_Al-Jubeir_0001.jpg,lfw_Joan_Laporta_Joan_Laporta_0007.jpg,different,Joan_Laporta_Adel_Al-Jubeir
133,celeba_836_180224.jpg,celeba_9682_057571.jpg,different,836_9682
134,celeba_1795_150914.jpg,celeba_5264_025354.jpg,different,5264_1795
135,lfw_Jan-Michael_Gambill_Jan-Michael_Gambill_0002.jpg,lfw_Junichiro_Koizumi_Junichiro_Koizumi_0004.jpg,different,Jan-Michael_Gambill_Junichiro_Koizumi
136,lfw_Arminio_Fraga_Arminio_Fraga_0001.jpg,lfw_David_Stern_David_Stern_0003.jpg,different,Arminio_Fraga_David_Stern
137,celeba_1465_048536.jpg,celeba_3693_123289.jpg,different,3693_1465
138,lfw_Jamie_Villafane_Jamie_Villafane_0001.jpg,lfw_Kemal_Dervis_Kemal_Dervis_0002.jpg,different,Kemal_Dervis_Jamie_Villafane
139,celeba_1537_095639.jpg,celeba_1849_178707.jpg,different,1537_1849
140,vggface2_n000130_0158_02.jpg,vggface2_n000130_0061_01.jpg,same,n000130
141,celeba_3656_015185.jpg,celeba_4281_008332.jpg,different,4281_3656
142,vggface2_n000257_0127_01.jpg,vggface2_n000326_0291_01.jpg,different,n000257_n000326
143,casia_001014_00083708.jpg,casia_002128_00145685.jpg,different,002128_001014
144,vggface2_n000068_0238_01.jpg,vggface2_n000115_0174_01.jpg,different,n000115_n000068
145,vggface2_n000008_0176_01.jpg,vggface2_n000185_0282_01.jpg,different,n000008_n000185
146,celeba_2211_170514.jpg,celeba_4920_016323.jpg,different,2211_4920
147,lfw_Catherine_Zeta-Jones_Catherine_Zeta-Jones_0009.jpg,lfw_Gerhard_Schroeder_Gerhard_Schroeder_0080.jpg,different,Gerhard_Schroeder_Catherine_Zeta-Jones
148,lfw_Colin_Powell_Colin_Powell_0136.jpg,lfw_Mark_Richt_Mark_Richt_0002.jpg,different,Colin_Powell_Mark_Richt
149,vggface2_n000426_0386_01.jpg,vggface2_n000486_0151_01.jpg,different,n000426_n000486
150,vggface2_n000206_0228_01.jpg,vggface2_n000379_0097_01.jpg,different,n000379_n000206
151,vggface2_n000015_0036_01.jpg,vggface2_n000188_0028_01.jpg,different,n000015_n000188
152,casia_000085_00012996.jpg,casia_006621_00354006.jpg,different,000085_006621
153,lfw_Jose_Maria_Aznar_Jose_Maria_Aznar_0020.jpg,lfw_Tung_Chee-hwa_Tung_Chee-hwa_0002.jpg,different,Jose_Maria_Aznar_Tung_Chee-hwa
154,lfw_Bob_Stoops_Bob_Stoops_0004.jpg,lfw_Omar_Sharif_Omar_Sharif_0001.jpg,different,Bob_Stoops_Omar_Sharif
155,vggface2_n000176_0170_01.jpg,vggface2_n000298_0250_01.jpg,different,n000298_n000176
156,casia_001384_00110616.jpg,casia_006361_00343255.jpg,different,006361_001384
157,casia_000700_00063442.jpg,casia_001727_00126287.jpg,different,001727_000700
158,celeba_10085_144620.jpg,celeba_5672_122428.jpg,different,5672_10085
159,celeba_3207_127249.jpg,celeba_5850_031428.jpg,different,3207_5850
160,lfw_Abdullah_Gul_Abdullah_Gul_0012.jpg,lfw_Iain_Duncan_Smith_Iain_Duncan_Smith_0002.jpg,different,Abdullah_Gul_Iain_Duncan_Smith
161,vggface2_n000055_0457_01.jpg,vggface2_n000434_0204_01.jpg,different,n000434_n000055
162,celeba_7099_019762.jpg,celeba_8307_196861.jpg,different,8307_7099
163,celeba_3866_155850.jpg,celeba_8468_099715.jpg,different,8468_3866
164,vggface2_n000351_0048_01.jpg,vggface2_n000455_0140_02.jpg,different,n000351_n000455
165,vggface2_n000217_0217_01.jpg,vggface2_n000406_0027_01.jpg,different,n000217_n000406
166,celeba_1189_096737.jpg,celeba_5848_094603.jpg,different,1189_5848
167,celeba_326_144128.jpg,celeba_5114_082210.jpg,different,326_5114
168,celeba_2557_172749.jpg,celeba_6267_193062.jpg,different,2557_6267
169,casia_000660_00060632.jpg,casia_010472_00488016.jpg,different,010472_000660
170,lfw_Guillermo_Coria_Guillermo_Coria_0013.jpg,lfw_Kurt_Warner_Kurt_Warner_0002.jpg,different,Kurt_Warner_Guillermo_Coria
171,lfw_Mohammad_Khatami_Mohammad_Khatami_0003.jpg,lfw_Roger_Moore_Roger_Moore_0004.jpg,different,Roger_Moore_Mohammad_Khatami
172,vggface2_n000316_0518_06.jpg,vggface2_n000316_0089_01.jpg,same,n000316
173,celeba_3361_069202.jpg,celeba_5029_043598.jpg,different,3361_5029
174,lfw_Maria_Shriver_Maria_Shriver_0001.jpg,lfw_Tom_Ridge_Tom_Ridge_0029.jpg,different,Maria_Shriver_Tom_Ridge
175,lfw_Akbar_Hashemi_Rafsanjani_Akbar_Hashemi_Rafsanjani_0001.jpg,lfw_Jean_Charest_Jean_Charest_0015.jpg,different,Jean_Charest_Akbar_Hashemi_Rafsanjani
176,lfw_Carmen_Electra_Carmen_Electra_0006.jpg,lfw_John_Snow_John_Snow_0004.jpg,different,Carmen_Electra_John_Snow
177,vggface2_n000066_0037_01.jpg,vggface2_n000286_0425_02.jpg,different,n000066_n000286
178,vggface2_n000065_0145_01.jpg,vggface2_n000140_0222_01.jpg,different,n000140_n000065
179,lfw_Jennifer_Capriati_Jennifer_Capriati_0029.jpg,lfw_Jennifer_Capriati_Jennifer_Capriati_0032.jpg,same,Jennifer_Capriati
180,lfw_Angelina_Jolie_Angelina_Jolie_0011.jpg,lfw_Gary_Forsee_Gary_Forsee_0001.jpg,different,Gary_Forsee_Angelina_Jolie
181,lfw_Caroline_Kennedy_Caroline_Kennedy_0003.jpg,lfw_Mike_Krzyzewski_Mike_Krzyzewski_0001.jpg,different,Mike_Krzyzewski_Caroline_Kennedy
182,celeba_1683_144282.jpg,celeba_5174_186606.jpg,different,1683_5174
183,casia_000256_00030867.jpg,casia_001504_00115626.jpg,different,001504_000256
184,casia_004031_00235515.jpg,casia_005996_00325759.jpg,different,005996_004031
185,celeba_5581_046174.jpg,celeba_7126_057069.jpg,different,7126_5581
186,celeba_2243_003869.jpg,celeba_5783_073035.jpg,different,5783_2243
187,casia_000377_00039450.jpg,casia_000872_00073496.jpg,different,000872_000377
188,vggface2_n000099_0066_01.jpg,vggface2_n000262_0313_01.jpg,different,n000262_n000099
189,vggface2_n000107_0328_01.jpg,vggface2_n000331_0449_01.jpg,different,n000331_n000107
190,casia_001704_00125542.jpg,casia_005646_00310323.jpg,different,001704_005646
191,vggface2_n000098_0044_01.jpg,vggface2_n000332_0191_01.jpg,different,n000098_n000332
192,casia_006518_00350003.jpg,casia_008867_00438163.jpg,different,008867_006518
193,lfw_James_Traficant_James_Traficant_0001.jpg,lfw_Naji_Sabri_Naji_Sabri_0004.jpg,different,James_Traficant_Naji_Sabri
194,lfw_John_Garamendi_John_Garamendi_0001.jpg,lfw_Michael_Chang_Michael_Chang_0005.jpg,different,Michael_Chang_John_Garamendi
195,vggface2_n000074_0248_01.jpg,vggface2_n000214_0101_01.jpg,different,n000214_n000074
196,casia_006100_00330880.jpg,casia_008146_00412315.jpg,different,008146_006100
197,vggface2_n000045_0112_03.jpg,vggface2_n000114_0092_02.jpg,different,n000045_n000114
198,lfw_Andrew_Cuomo_Andrew_Cuomo_0002.jpg,lfw_Jacques_Chirac_Jacques_Chirac_0039.jpg,different,Jacques_Chirac_Andrew_Cuomo
199,vggface2_n000241_0072_01.jpg,vggface2_n000372_0082_02.jpg,different,n000241_n000372
200,lfw_Sebastian_Saja_Sebastian_Saja_0003.jpg,lfw_Vicki_Zhao_Wei_Vicki_Zhao_Wei_0001.jpg,different,Sebastian_Saja_Vicki_Zhao_Wei
201,celeba_4417_015980.jpg,celeba_4544_111039.jpg,different,4417_4544
202,casia_004409_00254799.jpg,casia_010359_00485268.jpg,different,010359_004409
203,lfw_Binyamin_Ben-Eliezer_Binyamin_Ben-Eliezer_0002.jpg,lfw_Salma_Hayek_Salma_Hayek_0009.jpg,different,Salma_Hayek_Binyamin_Ben-Eliezer
204,celeba_2702_135123.jpg,celeba_3941_069484.jpg,different,2702_3941
205,lfw_Chen_Liang_Yu_Chen_Liang_Yu_0001.jpg,lfw_Mukesh_Ambani_Mukesh_Ambani_0002.jpg,different,Chen_Liang_Yu_Mukesh_Ambani
206,lfw_Edmund_Stoiber_Edmund_Stoiber_0001.jpg,lfw_Ralf_Schumacher_Ralf_Schumacher_0003.jpg,different,Ralf_Schumacher_Edmund_Stoiber
207,lfw_Ali_Naimi_Ali_Naimi_0003.jpg,lfw_James_Cunningham_James_Cunningham_0002.jpg,different,Ali_Naimi_James_Cunningham
208,celeba_5385_200754.jpg,celeba_7178_028418.jpg,different,7178_5385
209,lfw_Mireya_Moscoso_Mireya_Moscoso_0001.jpg,lfw_Nestor_Kirchner_Nestor_Kirchner_0034.jpg,different,Nestor_Kirchner_Mireya_Moscoso
210,lfw_Jake_Gyllenhaal_Jake_Gyllenhaal_0003.jpg,lfw_Julianna_Margulies_Julianna_Margulies_0001.jpg,different,Jake_Gyllenhaal_Julianna_Margulies
211,celeba_3528_116018.jpg,celeba_7348_117602.jpg,different,7348_3528
212,lfw_Bill_Simon_Bill_Simon_0011.jpg,lfw_Paul_Patton_Paul_Patton_0001.jpg,different,Bill_Simon_Paul_Patton
213,casia_000097_00014471.jpg,casia_000936_00077256.jpg,different,000097_000936
214,celeba_3006_013654.jpg,celeba_3006_082720.jpg,same,3006
215,celeba_1946_069437.jpg,celeba_33_065326.jpg,different,33_1946
216,celeba_3656_114868.jpg,celeba_8533_194394.jpg,different,3656_8533
217,celeba_7159_081715.jpg,celeba_8864_139646.jpg,different,7159_8864
218,lfw_Robert_Kocharian_Robert_Kocharian_0005.jpg,lfw_William_Macy_William_Macy_0005.jpg,different,Robert_Kocharian_William_Macy
219,casia_001379_00110431.jpg,casia_007148_00376394.jpg,different,001379_007148
220,vggface2_n000054_0282_01.jpg,vggface2_n000265_0178_01.jpg,different,n000265_n000054
221,lfw_Edmund_Hillary_Edmund_Hillary_0002.jpg,lfw_Ronaldo_Luis_Nazario_de_Lima_Ronaldo_Luis_Nazario_de_Lima_0002.jpg,different,Ronaldo_Luis_Nazario_de_Lima_Edmund_Hillary
222,celeba_2704_164428.jpg,celeba_2767_105163.jpg,different,2704_2767
223,lfw_Bob_Beauprez_Bob_Beauprez_0002.jpg,lfw_Meryl_Streep_Meryl_Streep_0004.jpg,different,Bob_Beauprez_Meryl_Streep
224,vggface2_n000274_0476_02.jpg,vggface2_n000310_0019_01.jpg,different,n000274_n000310
225,casia_006455_00347603.jpg,casia_006647_00355110.jpg,different,006455_006647
226,vggface2_n000251_0080_02.jpg,vggface2_n000251_0256_02.jpg,same,n000251
227,celeba_3114_143166.jpg,celeba_5770_187052.jpg,different,3114_5770
228,casia_001426_00112322.jpg,casia_004127_00240274.jpg,different,004127_001426
229,vggface2_n000329_0163_01.jpg,vggface2_n000490_0115_01.jpg,different,n000329_n000490
230,casia_002768_00178350.jpg,casia_004310_00249185.jpg,different,004310_002768
231,lfw_John_Warner_John_Warner_0001.jpg,lfw_Queen_Elizabeth_II_Queen_Elizabeth_II_0006.jpg,different,Queen_Elizabeth_II_John_Warner
232,lfw_Colin_Powell_Colin_Powell_0025.jpg,lfw_Yevgeny_Kafelnikov_Yevgeny_Kafelnikov_0001.jpg,different,Yevgeny_Kafelnikov_Colin_Powell
233,celeba_2033_145537.jpg,celeba_5230_006957.jpg,different,5230_2033
234,lfw_Jeanne_Moreau_Jeanne_Moreau_0002.jpg,lfw_Win_Aung_Win_Aung_0001.jpg,different,Jeanne_Moreau_Win_Aung
235,lfw_Junichiro_Koizumi_Junichiro_Koizumi_0034.jpg,lfw_Robert_Redford_Robert_Redford_0007.jpg,different,Robert_Redford_Junichiro_Koizumi
236,celeba_4513_140021.jpg,celeba_7427_069947.jpg,different,7427_4513
237,casia_003918_00229691.jpg,casia_007334_00382996.jpg,different,003918_007334
238,vggface2_n000367_0117_01.jpg,vggface2_n000485_0018_02.jpg,different,n000485_n000367
239,celeba_4968_082229.jpg,celeba_5113_189623.jpg,different,5113_4968
240,celeba_6676_191137.jpg,celeba_6963_126746.jpg,different,6676_6963
241,celeba_53_096788.jpg,celeba_8100_024449.jpg,different,53_8100
242,celeba_4696_169320.jpg,celeba_6995_049829.jpg,different,6995_4696
243,vggface2_n000006_0418_01.jpg,vggface2_n000034_0048_01.jpg,different,n000034_n000006
244,casia_003729_00221847.jpg,casia_007779_00398775.jpg,different,007779_003729
245,vggface2_n000168_0221_01.jpg,vggface2_n000321_0059_01.jpg,different,n000321_n000168
246,celeba_815_024562.jpg,celeba_838_016838.jpg,different,815_838
247,lfw_Jennifer_Aniston_Jennifer_Aniston_0011.jpg,lfw_Stephen_Ambrose_Stephen_Ambrose_0001.jpg,different,Jennifer_Aniston_Stephen_Ambrose
248,casia_002182_00147722.jpg,casia_006014_00326242.jpg,different,006014_002182
249,casia_007650_00394270.jpg,casia_010426_00487019.jpg,different,007650_010426
250,lfw_James_Caan_James_Caan_0003.jpg,lfw_Michael_Schumacher_Michael_Schumacher_0005.jpg,different,Michael_Schumacher_James_Caan
251,vggface2_n000376_0147_01.jpg,vggface2_n000380_0067_01.jpg,different,n000380_n000376
252,casia_002733_00176229.jpg,casia_008817_00436033.jpg,different,002733_008817
253,celeba_6143_082292.jpg,celeba_7955_024481.jpg,different,6143_7955
254,celeba_5185_197097.jpg,celeba_831_029326.jpg,different,831_5185
255,casia_003884_00228504.jpg,casia_008834_00436675.jpg,different,003884_008834
256,casia_000484_00047663.jpg,casia_008782_00434818.jpg,different,000484_008782
257,vggface2_n000067_0428_07.jpg,vggface2_n000364_0057_01.jpg,different,n000067_n000364
258,lfw_Bill_Clinton_Bill_Clinton_0003.jpg,lfw_Filippo_Inzaghi_Filippo_Inzaghi_0001.jpg,different,Filippo_Inzaghi_Bill_Clinton
259,vggface2_n000415_0308_02.jpg,vggface2_n000415_0090_01.jpg,same,n000415
260,casia_002802_00179769.jpg,casia_008360_00419372.jpg,different,002802_008360
261,vggface2_n000110_0116_01.jpg,vggface2_n000266_0196_01.jpg,different,n000266_n000110
262,celeba_3801_086715.jpg,celeba_4796_028645.jpg,different,3801_4796
263,lfw_James_McGreevey_James_McGreevey_0004.jpg,lfw_Lou_Piniella_Lou_Piniella_0002.jpg,different,Lou_Piniella_James_McGreevey
264,lfw_Cathy_Freeman_Cathy_Freeman_0001.jpg,lfw_Shaul_Mofaz_Shaul_Mofaz_0001.jpg,different,Shaul_Mofaz_Cathy_Freeman
265,vggface2_n000186_0149_01.jpg,vggface2_n000468_0189_01.jpg,different,n000186_n000468
266,lfw_Marc_Grossman_Marc_Grossman_0001.jpg,lfw_Serena_Williams_Serena_Williams_0031.jpg,different,Marc_Grossman_Serena_Williams
267,casia_000763_00065935.jpg,casia_004092_00238394.jpg,different,004092_000763
268,vggface2_n000152_0226_01.jpg,vggface2_n000380_0206_01.jpg,different,n000380_n000152
269,lfw_Jacques_Chirac_Jacques_Chirac_0027.jpg,lfw_Joschka_Fischer_Joschka_Fischer_0006.jpg,different,Joschka_Fischer_Jacques_Chirac
270,lfw_Kirk_Ferentz_Kirk_Ferentz_0001.jpg,lfw_Roberto_Marinho_Roberto_Marinho_0003.jpg,different,Kirk_Ferentz_Roberto_Marinho
271,casia_005735_00314020.jpg,casia_007858_00401518.jpg,different,007858_005735
272,celeba_5954_121894.jpg,celeba_8162_156279.jpg,different,8162_5954
273,casia_000343_00037150.jpg,casia_000944_00078148.jpg,different,000343_000944
274,lfw_Carlos_Menem_Carlos_Menem_0004.jpg,lfw_Ron_Howard_Ron_Howard_0001.jpg,different,Carlos_Menem_Ron_Howard
275,lfw_Serena_Williams_Serena_Williams_0039.jpg,lfw_Sergio_Vieira_De_Mello_Sergio_Vieira_De_Mello_0001.jpg,different,Serena_Williams_Sergio_Vieira_De_Mello
276,celeba_1241_026869.jpg,celeba_7588_114161.jpg,different,7588_1241
277,casia_004824_00272588.jpg,casia_009952_00473331.jpg,different,009952_004824
278,casia_003240_00199192.jpg,casia_004922_00276654.jpg,different,003240_004922
279,celeba_3637_089175.jpg,celeba_4873_010459.jpg,different,3637_4873
280,celeba_2472_022454.jpg,celeba_7467_121864.jpg,different,7467_2472
281,lfw_Chuck_Yeager_Chuck_Yeager_0002.jpg,lfw_Ricky_Barnes_Ricky_Barnes_0001.jpg,different,Chuck_Yeager_Ricky_Barnes
282,celeba_1008_003010.jpg,celeba_1393_031734.jpg,different,1008_1393
283,vggface2_n000225_0280_01.jpg,vggface2_n000414_0313_02.jpg,different,n000414_n000225
284,vggface2_n000099_0381_01.jpg,vggface2_n000457_0119_02.jpg,different,n000457_n000099
285,casia_002517_00164723.jpg,casia_003467_00210261.jpg,different,003467_002517
286,lfw_Al_Gore_Al_Gore_0003.jpg,lfw_Jose_Serra_Jose_Serra_0008.jpg,different,Jose_Serra_Al_Gore
287,celeba_2736_058889.jpg,celeba_5472_154557.jpg,different,2736_5472
288,casia_003782_00224717.jpg,casia_004405_00254616.jpg,different,003782_004405
289,lfw_Jennifer_Lopez_Jennifer_Lopez_0015.jpg,lfw_Russell_Simmons_Russell_Simmons_0005.jpg,different,Russell_Simmons_Jennifer_Lopez
290,vggface2_n000184_0188_01.jpg,vggface2_n000235_0280_02.jpg,different,n000235_n000184
291,celeba_6039_183849.jpg,celeba_986_169393.jpg,different,986_6039
292,lfw_Gerry_Parsky_Gerry_Parsky_0001.jpg,lfw_Jennifer_Capriati_Jennifer_Capriati_0030.jpg,different,Jennifer_Capriati_Gerry_Parsky
293,celeba_1071_173506.jpg,celeba_3724_027155.jpg,different,1071_3724
294,vggface2_n000341_0009_01.jpg,vggface2_n000341_0459_03.jpg,same,n000341
295,casia_004197_00243788.jpg,casia_008500_00424375.jpg,different,004197_008500
296,lfw_Goh_Kun_Goh_Kun_0002.jpg,lfw_Oscar_De_La_Hoya_Oscar_De_La_Hoya_0005.jpg,different,Oscar_De_La_Hoya_Goh_Kun
297,casia_000985_00081159.jpg,casia_006796_00361690.jpg,different,006796_000985
298,celeba_2146_052125.jpg,celeba_5752_184429.jpg,different,2146_5752
299,lfw_Angelina_Jolie_Angelina_Jolie_0003.jpg,lfw_Hillary_Clinton_Hillary_Clinton_0009.jpg,different,Hillary_Clinton_Angelina_Jolie
300,vggface2_n000064_0183_01.jpg,vggface2_n000447_0142_02.jpg,different,n000064_n000447
301,casia_000837_00069909.jpg,casia_002814_00180332.jpg,different,000837_002814
302,lfw_Bridget_Fonda_Bridget_Fonda_0001.jpg,lfw_Tommy_Franks_Tommy_Franks_0009.jpg,different,Tommy_Franks_Bridget_Fonda
303,lfw_Howard_Schultz_Howard_Schultz_0002.jpg,lfw_Hugo_Chavez_Hugo_Chavez_0070.jpg,different,Hugo_Chavez_Howard_Schultz
304,lfw_Edmund_Stoiber_Edmund_Stoiber_0004.jpg,lfw_Pete_Sampras_Pete_Sampras_0015.jpg,different,Edmund_Stoiber_Pete_Sampras
305,celeba_5405_015332.jpg,celeba_8625_188314.jpg,different,8625_5405
306,lfw_John_Edwards_John_Edwards_0003.jpg,lfw_Matt_Doherty_Matt_Doherty_0002.jpg,different,Matt_Doherty_John_Edwards
307,vggface2_n000069_0335_01.jpg,vggface2_n000483_0317_04.jpg,different,n000483_n000069
308,vggface2_n000125_0018_01.jpg,vggface2_n000223_0368_01.jpg,different,n000223_n000125
309,casia_004659_00264980.jpg,casia_007328_00382590.jpg,different,004659_007328
310,celeba_7179_188933.jpg,celeba_8941_151051.jpg,different,8941_7179
311,lfw_Cristina_Saralegui_Cristina_Saralegui_0002.jpg,lfw_Roger_Moore_Roger_Moore_0005.jpg,different,Cristina_Saralegui_Roger_Moore
312,lfw_James_Cunningham_James_Cunningham_0001.jpg,lfw_Ray_Romano_Ray_Romano_0003.jpg,different,James_Cunningham_Ray_Romano
313,vggface2_n000312_0358_01.jpg,vggface2_n000421_0182_01.jpg,different,n000421_n000312
314,lfw_Ali_Abbas_Ali_Abbas_0001.jpg,lfw_Dominique_de_Villepin_Dominique_de_Villepin_0009.jpg,different,Dominique_de_Villepin_Ali_Abbas
315,celeba_10175_104456.jpg,celeba_5462_182770.jpg,different,5462_10175
316,celeba_4598_099472.jpg,celeba_770_111450.jpg,different,770_4598
317,vggface2_n000352_0128_01.jpg,vggface2_n000425_0157_02.jpg,different,n000425_n000352
318,casia_005970_00324283.jpg,casia_009971_00473919.jpg,different,005970_009971
319,vggface2_n000107_0253_01.jpg,vggface2_n000175_0056_01.jpg,different,n000175_n000107
320,lfw_Dick_Cheney_Dick_Cheney_0014.jpg,lfw_Horst_Koehler_Horst_Koehler_0003.jpg,different,Dick_Cheney_Horst_Koehler
321,celeba_8954_129580.jpg,celeba_9694_121276.jpg,different,8954_9694
322,lfw_Igor_Ivanov_Igor_Ivanov_0006.jpg,lfw_Mike_Martz_Mike_Martz_0002.jpg,different,Mike_Martz_Igor_Ivanov
323,casia_005366_00297366.jpg,casia_005830_00318030.jpg,different,005366_005830
324,lfw_Bruce_Weber_Bruce_Weber_0001.jpg,lfw_Luis_Gonzalez_Macchi_Luis_Gonzalez_Macchi_0003.jpg,different,Luis_Gonzalez_Macchi_Bruce_Weber
325,lfw_Blythe_Hartley_Blythe_Hartley_0002.jpg,lfw_Debra_Messing_Debra_Messing_0003.jpg,different,Blythe_Hartley_Debra_Messing
326,lfw_John_Howard_John_Howard_0012.jpg,lfw_Silvan_Shalom_Silvan_Shalom_0006.jpg,different,John_Howard_Silvan_Shalom
327,celeba_4581_154473.jpg,celeba_9022_071020.jpg,different,9022_4581
328,lfw_Bo_Pelini_Bo_Pelini_0002.jpg,lfw_Hans_Eichel_Hans_Eichel_0001.jpg,different,Hans_Eichel_Bo_Pelini
329,vggface2_n000211_0132_01.jpg,vggface2_n000268_0487_01.jpg,different,n000211_n000268
330,celeba_311_000566.jpg,celeba_4174_139234.jpg,different,4174_311
331,lfw_Dale_Earnhardt_Jr_Dale_Earnhardt_Jr_0003.jpg,lfw_Richard_Myers_Richard_Myers_0002.jpg,different,Richard_Myers_Dale_Earnhardt_Jr
332,casia_001501_00115458.jpg,casia_006304_00339758.jpg,different,006304_001501
333,vggface2_n000063_0263_02.jpg,vggface2_n000079_0114_01.jpg,different,n000079_n000063
334,celeba_3606_027942.jpg,celeba_5001_156209.jpg,different,5001_3606
335,lfw_Jorge_Valdano_Jorge_Valdano_0001.jpg,lfw_Taha_Yassin_Ramadan_Taha_Yassin_Ramadan_0013.jpg,different,Taha_Yassin_Ramadan_Jorge_Valdano
336,casia_001963_00136952.jpg,casia_003296_00201729.jpg,different,001963_003296
337,celeba_4504_037453.jpg,celeba_5220_094896.jpg,different,4504_5220
338,lfw_Mary_Landrieu_Mary_Landrieu_0002.jpg,lfw_Robert_Duvall_Robert_Duvall_0008.jpg,different,Mary_Landrieu_Robert_Duvall
339,casia_000853_00071146.jpg,casia_007974_00405446.jpg,different,007974_000853
340,vggface2_n000066_0250_01.jpg,vggface2_n000265_0476_01.jpg,different,n000066_n000265
341,lfw_Abdullah_Gul_Abdullah_Gul_0003.jpg,lfw_Xavier_Malisse_Xavier_Malisse_0005.jpg,different,Xavier_Malisse_Abdullah_Gul
342,celeba_1993_011391.jpg,celeba_2966_119385.jpg,different,2966_1993
343,casia_006891_00365539.jpg,casia_009270_00451842.jpg,different,006891_009270
344,casia_007231_00379246.jpg,casia_009550_00460392.jpg,different,009550_007231
345,vggface2_n000098_0169_01.jpg,vggface2_n000196_0106_01.jpg,different,n000098_n000196
346,lfw_Chris_Cooper_Chris_Cooper_0002.jpg,lfw_Steve_Spurrier_Steve_Spurrier_0001.jpg,different,Steve_Spurrier_Chris_Cooper
347,celeba_3386_043266.jpg,celeba_8053_000851.jpg,different,8053_3386
348,vggface2_n000167_0067_01.jpg,vggface2_n000220_0564_01.jpg,different,n000167_n000220
349,vggface2_n000161_0197_01.jpg,vggface2_n000241_0555_01.jpg,different,n000241_n000161
350,vggface2_n000176_0155_01.jpg,vggface2_n000307_0093_01.jpg,different,n000307_n000176
351,casia_009595_00461718.jpg,casia_010132_00478747.jpg,different,010132_009595
352,casia_002676_00173240.jpg,casia_009888_00471296.jpg,different,009888_002676
353,celeba_290_119659.jpg,celeba_70_030316.jpg,different,70_290
354,lfw_Byron_Scott_Byron_Scott_0001.jpg,lfw_Jerry_Falwell_Jerry_Falwell_0002.jpg,different,Jerry_Falwell_Byron_Scott
355,celeba_7283_094105.jpg,celeba_9722_039074.jpg,different,9722_7283
356,vggface2_n000035_0048_01.jpg,vggface2_n000215_0197_01.jpg,different,n000035_n000215
357,casia_001542_00117777.jpg,casia_004208_00244279.jpg,different,004208_001542
358,celeba_2304_077781.jpg,celeba_7821_127035.jpg,different,2304_7821
359,celeba_1776_029328.jpg,celeba_2125_050628.jpg,different,2125_1776
360,vggface2_n000215_0136_03.jpg,vggface2_n000439_0062_01.jpg,different,n000439_n000215
361,vggface2_n000207_0014_01.jpg,vggface2_n000369_0042_01.jpg,different,n000369_n000207
362,vggface2_n000275_0026_01.jpg,vggface2_n000349_0091_03.jpg,different,n000349_n000275
363,casia_007319_00382273.jpg,casia_007406_00385856.jpg,different,007406_007319
364,celeba_2785_085201.jpg,celeba_5090_158140.jpg,different,5090_2785
365,celeba_4946_095592.jpg,celeba_5066_048101.jpg,different,5066_4946
366,celeba_2820_018144.jpg,celeba_3538_025410.jpg,different,3538_2820
367,vggface2_n000203_0510_01.jpg,vggface2_n000203_0307_02.jpg,same,n000203
368,lfw_Eileen_Coparropa_Eileen_Coparropa_0003.jpg,lfw_Kevin_Costner_Kevin_Costner_0003.jpg,different,Eileen_Coparropa_Kevin_Costner
369,vggface2_n000090_0205_01.jpg,vggface2_n000100_0023_02.jpg,different,n000100_n000090
370,vggface2_n000260_0135_01.jpg,vggface2_n000266_0502_01.jpg,different,n000266_n000260
371,lfw_Hosni_Mubarak_Hosni_Mubarak_0001.jpg,lfw_Renee_Zellweger_Renee_Zellweger_0009.jpg,different,Renee_Zellweger_Hosni_Mubarak
372,celeba_5488_149696.jpg,celeba_764_071910.jpg,different,764_5488
373,celeba_6955_082935.jpg,celeba_7743_087081.jpg,different,7743_6955
374,casia_002194_00149416.jpg,casia_007031_00371608.jpg,different,002194_007031
375,casia_001769_00128076.jpg,casia_006202_00335244.jpg,different,001769_006202
376,celeba_4038_176080.jpg,celeba_942_053372.jpg,different,4038_942
377,vggface2_n000003_0128_01.jpg,vggface2_n000344_0315_01.jpg,different,n000003_n000344
378,casia_006157_00333282.jpg,casia_006674_00356066.jpg,different,006674_006157
379,casia_000029_00005070.jpg,casia_001250_00103304.jpg,different,000029_001250
380,vggface2_n000084_0359_06.jpg,vggface2_n000405_0131_01.jpg,different,n000084_n000405
381,lfw_Charlotte_Rampling_Charlotte_Rampling_0001.jpg,lfw_Paul_Bremer_Paul_Bremer_0010.jpg,different,Charlotte_Rampling_Paul_Bremer
382,vggface2_n000205_0221_01.jpg,vggface2_n000220_0298_01.jpg,different,n000205_n000220
383,celeba_1531_057729.jpg,celeba_9757_089195.jpg,different,9757_1531
384,vggface2_n000120_0167_01.jpg,vggface2_n000385_0176_01.jpg,different,n000385_n000120
385,celeba_1883_133570.jpg,celeba_3801_124805.jpg,different,3801_1883
386,casia_000244_00029328.jpg,casia_003818_00226125.jpg,different,003818_000244
387,lfw_Bijan_Darvish_Bijan_Darvish_0003.jpg,lfw_Donald_Rumsfeld_Donald_Rumsfeld_0034.jpg,different,Bijan_Darvish_Donald_Rumsfeld
388,vggface2_n000204_0063_03.jpg,vggface2_n000318_0098_03.jpg,different,n000204_n000318
389,lfw_Abdullah_al-Attiyah_Abdullah_al-Attiyah_0001.jpg,lfw_Andy_Roddick_Andy_Roddick_0007.jpg,different,Andy_Roddick_Abdullah_al-Attiyah
390,lfw_Alec_Baldwin_Alec_Baldwin_0003.jpg,lfw_Johnny_Depp_Johnny_Depp_0002.jpg,different,Johnny_Depp_Alec_Baldwin
391,casia_007478_00388324.jpg,casia_009679_00464232.jpg,different,007478_009679
392,casia_007640_00393813.jpg,casia_008477_00423637.jpg,different,008477_007640
393,celeba_1469_180257.jpg,celeba_4567_001546.jpg,different,1469_4567
394,vggface2_n000277_0338_01.jpg,vggface2_n000277_0373_01.jpg,same,n000277
395,celeba_2968_095479.jpg,celeba_6942_127809.jpg,different,2968_6942
396,vggface2_n000332_0080_01.jpg,vggface2_n000462_0007_02.jpg,different,n000332_n000462
397,vggface2_n000343_0168_01.jpg,vggface2_n000413_0309_01.jpg,different,n000343_n000413
398,casia_000659_00060473.jpg,casia_009890_00471326.jpg,different,009890_000659
399,lfw_Anwar_Ibrahim_Anwar_Ibrahim_0002.jpg,lfw_Juergen_Peters_Juergen_Peters_0001.jpg,different,Juergen_Peters_Anwar_Ibrahim
400,lfw_Inam-ul-Haq_Inam-ul-Haq_0002.jpg,lfw_Jeremy_Greenstock_Jeremy_Greenstock_0008.jpg,different,Inam-ul-Haq_Jeremy_Greenstock
401,celeba_4492_066132.jpg,celeba_7420_073120.jpg,different,7420_4492
402,vggface2_n000074_0030_01.jpg,vggface2_n000286_0187_01.jpg,different,n000286_n000074
403,casia_001484_00114630.jpg,casia_003502_00211695.jpg,different,001484_003502
404,celeba_1970_127309.jpg,celeba_5807_043985.jpg,different,5807_1970
405,lfw_Jim_OBrien_Jim_OBrien_0002.jpg,lfw_OJ_Simpson_OJ_Simpson_0002.jpg,different,OJ_Simpson_Jim_OBrien
406,celeba_56_168493.jpg,celeba_7952_146771.jpg,different,7952_56
407,casia_009156_00447453.jpg,casia_009774_00467364.jpg,different,009156_009774
408,celeba_1118_044863.jpg,celeba_8105_186896.jpg,different,1118_8105
409,casia_000819_00068618.jpg,casia_009355_00454480.jpg,different,009355_000819
410,celeba_23_059663.jpg,celeba_6998_052262.jpg,different,23_6998
411,casia_001774_00128352.jpg,casia_005201_00289683.jpg,different,005201_001774
412,vggface2_n000169_0321_03.jpg,vggface2_n000472_0072_01.jpg,different,n000169_n000472
413,vggface2_n000061_0354_01.jpg,vggface2_n000388_0027_01.jpg,different,n000061_n000388
414,lfw_Jennifer_Capriati_Jennifer_Capriati_0026.jpg,lfw_Jennifer_Capriati_Jennifer_Capriati_0007.jpg,same,Jennifer_Capriati
415,vggface2_n000405_0099_01.jpg,vggface2_n000495_0215_01.jpg,different,n000405_n000495
416,casia_000343_00037221.jpg,casia_003749_00222900.jpg,different,003749_000343
417,vggface2_n000186_0326_01.jpg,vggface2_n000186_0510_01.jpg,same,n000186
418,celeba_3745_112998.jpg,celeba_9736_063662.jpg,different,3745_9736
419,celeba_5946_193086.jpg,celeba_8517_055606.jpg,different,8517_5946
420,vggface2_n000002_0142_01.jpg,vggface2_n000044_0011_02.jpg,different,n000002_n000044
421,celeba_1452_034685.jpg,celeba_2478_176370.jpg,different,2478_1452
422,lfw_Fred_Funk_Fred_Funk_0001.jpg,lfw_Jiang_Zemin_Jiang_Zemin_0002.jpg,different,Jiang_Zemin_Fred_Funk
423,lfw_Elsa_Zylberstein_Elsa_Zylberstein_0005.jpg,lfw_Richie_Adubato_Richie_Adubato_0001.jpg,different,Richie_Adubato_Elsa_Zylberstein
424,lfw_Heidi_Klum_Heidi_Klum_0002.jpg,lfw_Tim_Conway_Tim_Conway_0002.jpg,different,Heidi_Klum_Tim_Conway
425,casia_000506_00048897.jpg,casia_003690_00219795.jpg,different,003690_000506
426,celeba_4872_042835.jpg,celeba_8898_141598.jpg,different,8898_4872
427,casia_000001_00000213.jpg,casia_000567_00053737.jpg,different,000001_000567
428,casia_003800_00225333.jpg,casia_009797_00468204.jpg,different,009797_003800
429,celeba_4226_017988.jpg,celeba_5922_158553.jpg,different,5922_4226
430,casia_002604_00168952.jpg,casia_008801_00435458.jpg,different,002604_008801
431,casia_003400_00206581.jpg,casia_009903_00471657.jpg,different,003400_009903
432,celeba_1062_006557.jpg,celeba_4262_022791.jpg,different,1062_4262
433,casia_000513_00049454.jpg,casia_005610_00308513.jpg,different,000513_005610
434,vggface2_n000249_0154_01.jpg,vggface2_n000407_0123_01.jpg,different,n000249_n000407
435,lfw_Emmanuelle_Beart_Emmanuelle_Beart_0003.jpg,lfw_Isaiah_Washington_Isaiah_Washington_0001.jpg,different,Emmanuelle_Beart_Isaiah_Washington
436,casia_004434_00255973.jpg,casia_009853_00470396.jpg,different,004434_009853
437,celeba_1207_086620.jpg,celeba_301_071229.jpg,different,1207_301
438,lfw_Megawati_Sukarnoputri_Megawati_Sukarnoputri_0012.jpg,lfw_Tony_Blair_Tony_Blair_0080.jpg,different,Tony_Blair_Megawati_Sukarnoputri
439,lfw_Larry_Brown_Larry_Brown_0006.jpg,lfw_Steven_Spielberg_Steven_Spielberg_0007.jpg,different,Steven_Spielberg_Larry_Brown
440,celeba_1308_180056.jpg,celeba_8380_040057.jpg,different,1308_8380
441,celeba_4060_005106.jpg,celeba_4752_047040.jpg,different,4060_4752
442,celeba_3436_092715.jpg,celeba_8262_002535.jpg,different,8262_3436
443,vggface2_n000225_0604_02.jpg,vggface2_n000230_0129_01.jpg,different,n000225_n000230
444,lfw_Eduard_Shevardnadze_Eduard_Shevardnadze_0005.jpg,lfw_John_Negroponte_John_Negroponte_0010.jpg,different,John_Negroponte_Eduard_Shevardnadze
445,lfw_Jiri_Novak_Jiri_Novak_0010.jpg,lfw_Tim_Henman_Tim_Henman_0018.jpg,different,Tim_Henman_Jiri_Novak
446,vggface2_n000145_0320_01.jpg,vggface2_n000352_0381_01.jpg,different,n000352_n000145
447,casia_000393_00041314.jpg,casia_009267_00451765.jpg,different,000393_009267
448,celeba_6021_040750.jpg,celeba_8631_088237.jpg,different,6021_8631
449,vggface2_n000180_0068_01.jpg,vggface2_n000207_0053_02.jpg,different,n000207_n000180
450,lfw_Rebekah_Chantay_Revels_Rebekah_Chantay_Revels_0004.jpg,lfw_Rick_Carlisle_Rick_Carlisle_0001.jpg,different,Rick_Carlisle_Rebekah_Chantay_Revels
451,celeba_7273_194945.jpg,celeba_7480_041271.jpg,different,7273_7480
452,vggface2_n000079_0170_01.jpg,vggface2_n000315_0343_01.jpg,different,n000315_n000079
453,celeba_865_121804.jpg,celeba_9398_017351.jpg,different,865_9398
454,vggface2_n000192_0305_01.jpg,vggface2_n000334_0009_01.jpg,different,n000334_n000192
455,lfw_Debbie_Reynolds_Debbie_Reynolds_0003.jpg,lfw_Jonathan_Edwards_Jonathan_Edwards_0007.jpg,different,Jonathan_Edwards_Debbie_Reynolds
456,vggface2_n000274_0328_01.jpg,vggface2_n000479_0352_01.jpg,different,n000479_n000274
457,lfw_Alimzhan_Tokhtakhounov_Alimzhan_Tokhtakhounov_0001.jpg,lfw_Kofi_Annan_Kofi_Annan_0030.jpg,different,Alimzhan_Tokhtakhounov_Kofi_Annan
458,celeba_5766_009445.jpg,celeba_6387_092051.jpg,different,5766_6387
459,lfw_Angela_Merkel_Angela_Merkel_0005.jpg,lfw_Kim_Jin-sun_Kim_Jin-sun_0001.jpg,different,Kim_Jin-sun_Angela_Merkel
460,casia_001489_00114736.jpg,casia_002131_00145853.jpg,different,001489_002131
461,vggface2_n000091_0063_02.jpg,vggface2_n000118_0104_02.jpg,different,n000118_n000091
462,vggface2_n000274_0003_02.jpg,vggface2_n000464_0181_01.jpg,different,n000464_n000274
463,vggface2_n000192_0138_01.jpg,vggface2_n000435_0013_02.jpg,different,n000435_n000192
464,vggface2_n000069_0035_01.jpg,vggface2_n000069_0029_08.jpg,same,n000069
465,lfw_Abel_Pacheco_Abel_Pacheco_0003.jpg,lfw_Mahmoud_Abbas_Mahmoud_Abbas_0029.jpg,different,Abel_Pacheco_Mahmoud_Abbas
466,lfw_Princess_Aiko_Princess_Aiko_0001.jpg,lfw_Ray_Allen_Ray_Allen_0003.jpg,different,Ray_Allen_Princess_Aiko
467,celeba_3093_178800.jpg,celeba_3147_072423.jpg,different,3147_3093
468,lfw_Leonardo_DiCaprio_Leonardo_DiCaprio_0008.jpg,lfw_Paul_Burrell_Paul_Burrell_0008.jpg,different,Paul_Burrell_Leonardo_DiCaprio
469,casia_006763_00360447.jpg,casia_008121_00411634.jpg,different,008121_006763
470,celeba_4240_074708.jpg,celeba_7623_160242.jpg,different,7623_4240
471,celeba_1938_147039.jpg,celeba_4786_131226.jpg,different,1938_4786
472,vggface2_n000341_0343_01.jpg,vggface2_n000341_0095_02.jpg,same,n000341
473,casia_009067_00444605.jpg,casia_009507_00458602.jpg,different,009507_009067
474,lfw_Alan_Greenspan_Alan_Greenspan_0005.jpg,lfw_John_Stockton_John_Stockton_0001.jpg,different,John_Stockton_Alan_Greenspan
475,casia_004420_00255156.jpg,casia_006841_00363830.jpg,different,004420_006841
476,celeba_10070_041733.jpg,celeba_10173_055878.jpg,different,10070_10173
477,celeba_5273_202145.jpg,celeba_689_154222.jpg,different,5273_689
478,lfw_Kent_Rominger_Kent_Rominger_0001.jpg,lfw_Queen_Elizabeth_II_Queen_Elizabeth_II_0005.jpg,different,Kent_Rominger_Queen_Elizabeth_II
479,casia_001052_00087195.jpg,casia_008045_00408117.jpg,different,001052_008045
480,casia_001595_00120088.jpg,casia_006509_00349644.jpg,different,006509_001595
481,casia_002092_00143969.jpg,casia_009441_00456825.jpg,different,002092_009441
482,celeba_1480_050408.jpg,celeba_7186_123908.jpg,different,7186_1480
483,vggface2_n000419_0578_03.jpg,vggface2_n000419_0088_01.jpg,same,n000419
484,lfw_George_Robertson_George_Robertson_0019.jpg,lfw_Jean-David_Levitte_Jean-David_Levitte_0009.jpg,different,George_Robertson_Jean-David_Levitte
485,celeba_4272_087868.jpg,celeba_8532_105545.jpg,different,8532_4272
486,lfw_George_Voinovich_George_Voinovich_0002.jpg,lfw_Ricardo_Sanchez_Ricardo_Sanchez_0004.jpg,different,Ricardo_Sanchez_George_Voinovich
487,vggface2_n000194_0195_01.jpg,vggface2_n000194_0108_01.jpg,same,n000194
488,vggface2_n000154_0028_01.jpg,vggface2_n000212_0159_01.jpg,different,n000212_n000154
489,casia_007490_00388787.jpg,casia_009600_00461827.jpg,different,009600_007490
490,celeba_4197_018344.jpg,celeba_4472_086052.jpg,different,4472_4197
491,lfw_Patricia_Clarkson_Patricia_Clarkson_0003.jpg,lfw_Tom_Daschle_Tom_Daschle_0021.jpg,different,Tom_Daschle_Patricia_Clarkson
492,celeba_6568_000150.jpg,celeba_9739_188327.jpg,different,6568_9739
493,celeba_5423_103713.jpg,celeba_8382_160348.jpg,different,8382_5423
494,vggface2_n000311_0261_02.jpg,vggface2_n000326_0235_02.jpg,different,n000326_n000311
495,celeba_2911_081537.jpg,celeba_7821_065830.jpg,different,2911_7821
496,vggface2_n000354_0431_02.jpg,vggface2_n000421_0222_01.jpg,different,n000354_n000421
497,celeba_1575_064176.jpg,celeba_8787_183014.jpg,different,1575_8787
498,lfw_Cindy_Crawford_Cindy_Crawford_0002.jpg,lfw_Ciro_Gomes_Ciro_Gomes_0005.jpg,different,Cindy_Crawford_Ciro_Gomes
499,casia_009254_00451257.jpg,casia_009254_00451119.jpg,same,009254
500,celeba_10007_196472.jpg,celeba_6166_006403.jpg,different,10007_6166
501,casia_000600_00056118.jpg,casia_008299_00416991.jpg,different,008299_000600
502,lfw_Drew_Barrymore_Drew_Barrymore_0001.jpg,lfw_Venus_Williams_Venus_Williams_0004.jpg,different,Venus_Williams_Drew_Barrymore
503,vggface2_n000044_0091_03.jpg,vggface2_n000444_0036_01.jpg,different,n000044_n000444
504,celeba_1641_180923.jpg,celeba_1709_069987.jpg,different,1709_1641
505,casia_000187_00023115.jpg,casia_001418_00112042.jpg,different,000187_001418
506,celeba_8310_145025.jpg,celeba_9344_151150.jpg,different,8310_9344
507,lfw_Hichiro_Naemura_Hichiro_Naemura_0002.jpg,lfw_Silvan_Shalom_Silvan_Shalom_0005.jpg,different,Silvan_Shalom_Hichiro_Naemura
508,lfw_Gwyneth_Paltrow_Gwyneth_Paltrow_0006.jpg,lfw_Lee_Jun_Lee_Jun_0002.jpg,different,Lee_Jun_Gwyneth_Paltrow
509,vggface2_n000046_0278_01.jpg,vggface2_n000100_0260_01.jpg,different,n000100_n000046
510,lfw_Theresa_May_Theresa_May_0001.jpg,lfw_Venus_Williams_Venus_Williams_0015.jpg,different,Theresa_May_Venus_Williams
511,lfw_Colin_Powell_Colin_Powell_0149.jpg,lfw_Patrick_McEnroe_Patrick_McEnroe_0002.jpg,different,Colin_Powell_Patrick_McEnroe
512,casia_004746_00269566.jpg,casia_005885_00320484.jpg,different,005885_004746
513,lfw_Alvaro_Uribe_Alvaro_Uribe_0022.jpg,lfw_Wang_Yi_Wang_Yi_0001.jpg,different,Alvaro_Uribe_Wang_Yi
514,lfw_Hans_Blix_Hans_Blix_0030.jpg,lfw_Nan_Wang_Nan_Wang_0003.jpg,different,Hans_Blix_Nan_Wang
515,casia_006432_00346693.jpg,casia_010376_00485763.jpg,different,010376_006432
516,casia_004100_00238770.jpg,casia_009787_00467760.jpg,different,009787_004100
517,vggface2_n000329_0054_01.jpg,vggface2_n000422_0217_01.jpg,different,n000329_n000422
518,lfw_Dan_Morales_Dan_Morales_0003.jpg,lfw_Javier_Solana_Javier_Solana_0005.jpg,different,Dan_Morales_Javier_Solana
519,celeba_7087_192691.jpg,celeba_7392_097143.jpg,different,7087_7392
520,lfw_Colin_Powell_Colin_Powell_0170.jpg,lfw_Dean_Barkley_Dean_Barkley_0001.jpg,different,Dean_Barkley_Colin_Powell
521,celeba_3750_096704.jpg,celeba_8833_000107.jpg,different,8833_3750
522,casia_005195_00289429.jpg,casia_010567_00490479.jpg,different,005195_010567
523,celeba_2262_046108.jpg,celeba_2648_178333.jpg,different,2648_2262
524,celeba_3047_092877.jpg,celeba_9472_191635.jpg,different,9472_3047
525,casia_001273_00104634.jpg,casia_009664_00463829.jpg,different,009664_001273
526,lfw_Naoto_Kan_Naoto_Kan_0002.jpg,lfw_Susilo_Bambang_Yudhoyono_Susilo_Bambang_Yudhoyono_0002.jpg,different,Naoto_Kan_Susilo_Bambang_Yudhoyono
527,casia_009145_00447172.jpg,casia_010428_00487074.jpg,different,009145_010428
528,lfw_James_Maguire_James_Maguire_0001.jpg,lfw_Rubens_Barrichello_Rubens_Barrichello_0008.jpg,different,Rubens_Barrichello_James_Maguire
529,vggface2_n000365_0053_01.jpg,vggface2_n000450_0072_01.jpg,different,n000365_n000450
530,lfw_Ethan_Hawke_Ethan_Hawke_0004.jpg,lfw_Jacques_Rogge_Jacques_Rogge_0008.jpg,different,Jacques_Rogge_Ethan_Hawke
531,celeba_1366_139178.jpg,celeba_6063_052731.jpg,different,1366_6063
532,lfw_Emma_Thompson_Emma_Thompson_0001.jpg,lfw_Mohammed_Al-Douri_Mohammed_Al-Douri_0009.jpg,different,Mohammed_Al-Douri_Emma_Thompson
533,lfw_Faye_Dunaway_Faye_Dunaway_0002.jpg,lfw_Tung_Chee-hwa_Tung_Chee-hwa_0003.jpg,different,Faye_Dunaway_Tung_Chee-hwa
534,casia_005830_00318066.jpg,casia_010274_00482750.jpg,different,010274_005830
535,lfw_David_Hyde_Pierce_David_Hyde_Pierce_0003.jpg,lfw_Mary-Kate_Olsen_Mary-Kate_Olsen_0001.jpg,different,David_Hyde_Pierce_Mary-Kate_Olsen
536,vggface2_n000448_0069_01.jpg,vggface2_n000469_0003_02.jpg,different,n000469_n000448
537,vggface2_n000182_0005_01.jpg,vggface2_n000234_0307_01.jpg,different,n000182_n000234
538,lfw_Bill_Paxton_Bill_Paxton_0003.jpg,lfw_Roy_Moore_Roy_Moore_0002.jpg,different,Roy_Moore_Bill_Paxton
539,vggface2_n000228_0051_01.jpg,vggface2_n000470_0036_02.jpg,different,n000228_n000470
540,casia_006147_00332912.jpg,casia_008943_00440668.jpg,different,008943_006147
541,vggface2_n000446_0189_02.jpg,vggface2_n000446_0378_03.jpg,same,n000446
542,celeba_765_142134.jpg,celeba_7685_133125.jpg,different,765_7685
543,lfw_Jack_Straw_Jack_Straw_0024.jpg,lfw_Roberto_Carlos_Roberto_Carlos_0001.jpg,different,Jack_Straw_Roberto_Carlos
544,vggface2_n000075_0150_02.jpg,vggface2_n000453_0161_02.jpg,different,n000075_n000453
545,lfw_Alastair_Campbell_Alastair_Campbell_0002.jpg,lfw_George_Brumley_George_Brumley_0002.jpg,different,George_Brumley_Alastair_Campbell
546,celeba_5223_193211.jpg,celeba_617_077505.jpg,different,617_5223
547,celeba_2256_169215.jpg,celeba_8164_194310.jpg,different,8164_2256
548,casia_000128_00016830.jpg,casia_008450_00422844.jpg,different,008450_000128
549,casia_002218_00150426.jpg,casia_004715_00268003.jpg,different,002218_004715
550,lfw_Hee-Won_Han_Hee-Won_Han_0001.jpg,lfw_Sharon_Stone_Sharon_Stone_0003.jpg,different,Hee-Won_Han_Sharon_Stone
551,casia_000127_00016664.jpg,casia_001332_00108441.jpg,different,001332_000127
552,lfw_John_Ashcroft_John_Ashcroft_0034.jpg,lfw_Yoriko_Kawaguchi_Yoriko_Kawaguchi_0001.jpg,different,John_Ashcroft_Yoriko_Kawaguchi
553,lfw_Jim_Carrey_Jim_Carrey_0002.jpg,lfw_Ruth_Dreifuss_Ruth_Dreifuss_0001.jpg,different,Jim_Carrey_Ruth_Dreifuss
554,celeba_6924_061966.jpg,celeba_9971_014986.jpg,different,6924_9971
555,vggface2_n000057_0127_01.jpg,vggface2_n000109_0057_01.jpg,different,n000109_n000057
556,vggface2_n000019_0423_02.jpg,vggface2_n000319_0148_01.jpg,different,n000319_n000019
557,casia_000124_00016470.jpg,casia_002059_00142457.jpg,different,002059_000124
558,vggface2_n000176_0046_01.jpg,vggface2_n000339_0016_01.jpg,different,n000339_n000176
559,casia_006723_00358376.jpg,casia_008074_00409592.jpg,different,008074_006723
560,vggface2_n000338_0068_01.jpg,vggface2_n000358_0261_01.jpg,different,n000338_n000358
561,vggface2_n000290_0048_01.jpg,vggface2_n000290_0151_01.jpg,same,n000290
562,celeba_5905_074777.jpg,celeba_9577_041461.jpg,different,5905_9577
563,celeba_5068_139656.jpg,celeba_57_069630.jpg,different,5068_57
564,vggface2_n000125_0010_01.jpg,vggface2_n000336_0103_01.jpg,different,n000125_n000336
565,lfw_Angela_Bassett_Angela_Bassett_0006.jpg,lfw_Laurent_Jalabert_Laurent_Jalabert_0001.jpg,different,Laurent_Jalabert_Angela_Bassett
566,celeba_5507_005515.jpg,celeba_7732_111544.jpg,different,5507_7732
567,casia_003952_00231624.jpg,casia_008162_00412812.jpg,different,008162_003952
568,lfw_Alec_Baldwin_Alec_Baldwin_0004.jpg,lfw_Juan_Ignacio_Chela_Juan_Ignacio_Chela_0002.jpg,different,Alec_Baldwin_Juan_Ignacio_Chela
569,vggface2_n000405_0015_01.jpg,vggface2_n000435_0167_02.jpg,different,n000435_n000405
570,celeba_8676_106012.jpg,celeba_9411_183812.jpg,different,8676_9411
571,lfw_Grant_Hackett_Grant_Hackett_0004.jpg,lfw_Ray_Allen_Ray_Allen_0002.jpg,different,Ray_Allen_Grant_Hackett
572,celeba_1590_167773.jpg,celeba_2078_064356.jpg,different,1590_2078
573,vggface2_n000131_0176_01.jpg,vggface2_n000318_0194_01.jpg,different,n000131_n000318
574,lfw_Latrell_Sprewell_Latrell_Sprewell_0002.jpg,lfw_Lou_Piniella_Lou_Piniella_0001.jpg,different,Latrell_Sprewell_Lou_Piniella
575,casia_003919_00229735.jpg,casia_005686_00311700.jpg,different,005686_003919
576,casia_004306_00249109.jpg,casia_008134_00411964.jpg,different,008134_004306
577,casia_000819_00068588.jpg,casia_004718_00268133.jpg,different,004718_000819
578,celeba_1196_076940.jpg,celeba_8380_014911.jpg,different,1196_8380
579,casia_006235_00336986.jpg,casia_007499_00388996.jpg,different,006235_007499
580,vggface2_n000013_0243_01.jpg,vggface2_n000216_0203_01.jpg,different,n000013_n000216
581,casia_005510_00303658.jpg,casia_006520_00350153.jpg,different,005510_006520
582,celeba_3249_028338.jpg,celeba_7327_182765.jpg,different,7327_3249
583,celeba_5539_199888.jpg,celeba_8023_036748.jpg,different,5539_8023
584,celeba_1747_132940.jpg,celeba_4346_162834.jpg,different,4346_1747
585,casia_000406_00042246.jpg,casia_003046_00190957.jpg,different,003046_000406
586,celeba_3293_038628.jpg,celeba_6749_015434.jpg,different,6749_3293
587,lfw_George_Pataki_George_Pataki_0003.jpg,lfw_Susie_Castillo_Susie_Castillo_0002.jpg,different,Susie_Castillo_George_Pataki
588,casia_006374_00343964.jpg,casia_009261_00451595.jpg,different,006374_009261
589,celeba_5281_188197.jpg,celeba_8166_083810.jpg,different,5281_8166
590,celeba_6444_024196.jpg,celeba_9406_159638.jpg,different,6444_9406
591,celeba_2466_170364.jpg,celeba_2625_173414.jpg,different,2466_2625
592,casia_005897_00321207.jpg,casia_009142_00447071.jpg,different,009142_005897
593,vggface2_n000187_0031_01.jpg,vggface2_n000488_0182_01.jpg,different,n000488_n000187
594,vggface2_n000140_0245_01.jpg,vggface2_n000405_0325_02.jpg,different,n000140_n000405
595,celeba_6957_071395.jpg,celeba_9997_074393.jpg,different,6957_9997
596,lfw_David_Anderson_David_Anderson_0001.jpg,lfw_William_Hochul_William_Hochul_0002.jpg,different,William_Hochul_David_Anderson
597,casia_000615_00057289.jpg,casia_002308_00153879.jpg,different,002308_000615
598,celeba_2808_137045.jpg,celeba_5635_063144.jpg,different,5635_2808
599,lfw_Osama_bin_Laden_Osama_bin_Laden_0003.jpg,lfw_Patti_Labelle_Patti_Labelle_0002.jpg,different,Patti_Labelle_Osama_bin_Laden
600,casia_003869_00227837.jpg,casia_007214_00378585.jpg,different,007214_003869
601,casia_004492_00258745.jpg,casia_005260_00292242.jpg,different,004492_005260
602,vggface2_n000026_0174_01.jpg,vggface2_n000402_0045_01.jpg,different,n000026_n000402
603,celeba_2316_029243.jpg,celeba_6446_026713.jpg,different,2316_6446
604,vggface2_n000008_0006_01.jpg,vggface2_n000396_0186_03.jpg,different,n000396_n000008
605,celeba_8941_057368.jpg,celeba_9050_147842.jpg,different,9050_8941
606,celeba_5535_198749.jpg,celeba_6908_046833.jpg,different,6908_5535
607,vggface2_n000277_0434_02.jpg,vggface2_n000414_0372_01.jpg,different,n000414_n000277
608,celeba_261_174822.jpg,celeba_890_091018.jpg,different,261_890
609,celeba_1660_011558.jpg,celeba_8803_093798.jpg,different,8803_1660
610,lfw_Hassan_Wirajuda_Hassan_Wirajuda_0002.jpg,lfw_Ricardo_Lagos_Ricardo_Lagos_0003.jpg,different,Ricardo_Lagos_Hassan_Wirajuda
611,celeba_5382_007105.jpg,celeba_6256_158832.jpg,different,6256_5382
612,casia_005368_00297459.jpg,casia_006558_00351225.jpg,different,006558_005368
613,celeba_10158_043159.jpg,celeba_10158_102347.jpg,same,10158
614,lfw_Andrew_Weissmann_Andrew_Weissmann_0001.jpg,lfw_Bill_Clinton_Bill_Clinton_0015.jpg,different,Andrew_Weissmann_Bill_Clinton
615,vggface2_n000004_0040_01.jpg,vggface2_n000123_0140_01.jpg,different,n000123_n000004
616,vggface2_n000190_0170_01.jpg,vggface2_n000407_0021_01.jpg,different,n000407_n000190
617,vggface2_n000210_0200_01.jpg,vggface2_n000496_0169_03.jpg,different,n000496_n000210
618,celeba_7076_145090.jpg,celeba_8991_142243.jpg,different,7076_8991
619,lfw_Nick_Nolte_Nick_Nolte_0001.jpg,lfw_Omar_Sharif_Omar_Sharif_0002.jpg,different,Nick_Nolte_Omar_Sharif
620,vggface2_n000232_0120_02.jpg,vggface2_n000475_0058_01.jpg,different,n000232_n000475
621,vggface2_n000227_0493_01.jpg,vggface2_n000379_0116_01.jpg,different,n000379_n000227
622,casia_001375_00110141.jpg,casia_005547_00305940.jpg,different,005547_001375
623,casia_007818_00400291.jpg,casia_007896_00402818.jpg,different,007896_007818
624,lfw_Antonio_Palocci_Antonio_Palocci_0003.jpg,lfw_John_Edwards_John_Edwards_0005.jpg,different,Antonio_Palocci_John_Edwards
625,lfw_Augusto_Pinochet_Augusto_Pinochet_0001.jpg,lfw_Derek_Lowe_Derek_Lowe_0002.jpg,different,Augusto_Pinochet_Derek_Lowe
626,celeba_30_020646.jpg,celeba_7408_084976.jpg,different,7408_30
627,celeba_1781_141395.jpg,celeba_4003_001886.jpg,different,4003_1781
628,vggface2_n000417_0153_01.jpg,vggface2_n000491_0491_05.jpg,different,n000491_n000417
629,celeba_1983_177003.jpg,celeba_9540_141290.jpg,different,1983_9540
630,celeba_2902_021472.jpg,celeba_3334_153246.jpg,different,2902_3334
631,celeba_6300_088115.jpg,celeba_8652_158915.jpg,different,8652_6300
632,lfw_David_Heyman_David_Heyman_0002.jpg,lfw_Wolfgang_Schuessel_Wolfgang_Schuessel_0004.jpg,different,David_Heyman_Wolfgang_Schuessel
633,casia_002112_00145061.jpg,casia_008457_00422983.jpg,different,002112_008457
634,celeba_4342_070359.jpg,celeba_5387_092212.jpg,different,5387_4342
635,lfw_Melissa_Etheridge_Melissa_Etheridge_0001.jpg,lfw_Michael_Leavitt_Michael_Leavitt_0001.jpg,different,Melissa_Etheridge_Michael_Leavitt
636,vggface2_n000138_0493_01.jpg,vggface2_n000138_0095_02.jpg,same,n000138
637,vggface2_n000168_0006_01.jpg,vggface2_n000458_0192_02.jpg,different,n000458_n000168
638,vggface2_n000208_0024_01.jpg,vggface2_n000221_0062_01.jpg,different,n000221_n000208
639,lfw_Joseph_Biden_Joseph_Biden_0002.jpg,lfw_Tommy_Robredo_Tommy_Robredo_0003.jpg,different,Joseph_Biden_Tommy_Robredo
640,vggface2_n000141_0001_01.jpg,vggface2_n000465_0270_01.jpg,different,n000141_n000465
641,casia_005811_00317106.jpg,casia_008111_00411079.jpg,different,005811_008111
642,celeba_3696_103753.jpg,celeba_9035_124434.jpg,different,9035_3696
643,vggface2_n000455_0252_01.jpg,vggface2_n000455_0420_01.jpg,same,n000455
644,casia_004290_00248086.jpg,casia_006353_00342872.jpg,different,006353_004290
645,celeba_3522_053546.jpg,celeba_9713_196065.jpg,different,3522_9713
646,casia_002949_00186265.jpg,casia_004993_00280044.jpg,different,004993_002949
647,celeba_2372_151350.jpg,celeba_568_178033.jpg,different,568_2372
648,lfw_Bashar_Assad_Bashar_Assad_0002.jpg,lfw_Vince_Gill_Vince_Gill_0002.jpg,different,Vince_Gill_Bashar_Assad
649,lfw_Michelle_Yeoh_Michelle_Yeoh_0005.jpg,lfw_Woody_Allen_Woody_Allen_0004.jpg,different,Michelle_Yeoh_Woody_Allen
650,celeba_1348_155162.jpg,celeba_9826_013145.jpg,different,1348_9826
651,casia_000023_00003771.jpg,casia_000359_00038183.jpg,different,000359_000023
652,vggface2_n000015_0273_02.jpg,vggface2_n000105_0025_01.jpg,different,n000105_n000015
653,celeba_4204_174026.jpg,celeba_9064_046414.jpg,different,4204_9064
654,casia_000453_00044908.jpg,casia_005255_00292003.jpg,different,000453_005255
655,celeba_1040_159187.jpg,celeba_2205_063781.jpg,different,2205_1040
656,celeba_1104_110786.jpg,celeba_4754_026794.jpg,different,4754_1104
657,casia_000444_00044458.jpg,casia_006594_00352739.jpg,different,006594_000444
658,vggface2_n000058_0089_01.jpg,vggface2_n000219_0236_01.jpg,different,n000058_n000219
659,vggface2_n000249_0020_01.jpg,vggface2_n000300_0500_01.jpg,different,n000300_n000249
660,vggface2_n000023_0020_01.jpg,vggface2_n000142_0236_01.jpg,different,n000023_n000142
661,celeba_130_079238.jpg,celeba_1725_047669.jpg,different,1725_130
662,vggface2_n000023_0290_01.jpg,vggface2_n000158_0061_02.jpg,different,n000158_n000023
663,lfw_Lana_Clarkson_Lana_Clarkson_0002.jpg,lfw_Martha_Lucia_Ramirez_Martha_Lucia_Ramirez_0001.jpg,different,Lana_Clarkson_Martha_Lucia_Ramirez
664,vggface2_n000044_0145_01.jpg,vggface2_n000431_0080_01.jpg,different,n000044_n000431
665,celeba_3998_026947.jpg,celeba_8247_118947.jpg,different,8247_3998
666,celeba_5324_069046.jpg,celeba_6808_032670.jpg,different,5324_6808
667,lfw_Jean_Chretien_Jean_Chretien_0045.jpg,lfw_Walter_Mondale_Walter_Mondale_0002.jpg,different,Walter_Mondale_Jean_Chretien
668,casia_001216_00099725.jpg,casia_003551_00213700.jpg,different,003551_001216
669,casia_000872_00073159.jpg,casia_009987_00474396.jpg,different,009987_000872
670,vggface2_n000095_0111_01.jpg,vggface2_n000190_0245_02.jpg,different,n000095_n000190
671,lfw_Gerry_Adams_Gerry_Adams_0001.jpg,lfw_Kofi_Annan_Kofi_Annan_0024.jpg,different,Gerry_Adams_Kofi_Annan
672,celeba_5447_148683.jpg,celeba_8221_007609.jpg,different,5447_8221
673,celeba_7802_102233.jpg,celeba_8572_191348.jpg,different,7802_8572
674,lfw_Adolfo_Aguilar_Zinser_Adolfo_Aguilar_Zinser_0003.jpg,lfw_Samira_Makhmalbaf_Samira_Makhmalbaf_0001.jpg,different,Adolfo_Aguilar_Zinser_Samira_Makhmalbaf
675,celeba_2002_167497.jpg,celeba_3038_148171.jpg,different,3038_2002
676,celeba_7677_135431.jpg,celeba_8280_197135.jpg,different,8280_7677
677,celeba_3799_171300.jpg,celeba_4823_019017.jpg,different,4823_3799
678,casia_000937_00077370.jpg,casia_002372_00156961.jpg,different,000937_002372
679,celeba_3342_031341.jpg,celeba_8149_026353.jpg,different,8149_3342
680,celeba_3516_118941.jpg,celeba_9288_121779.jpg,different,3516_9288
681,lfw_Gregory_Geoffroy_Gregory_Geoffroy_0002.jpg,lfw_Sergei_Ivanov_Sergei_Ivanov_0002.jpg,different,Sergei_Ivanov_Gregory_Geoffroy
682,vggface2_n000249_0418_01.jpg,vggface2_n000346_0440_02.jpg,different,n000249_n000346
683,lfw_Alejandro_Avila_Alejandro_Avila_0003.jpg,lfw_Arnold_Schwarzenegger_Arnold_Schwarzenegger_0028.jpg,different,Arnold_Schwarzenegger_Alejandro_Avila
684,lfw_Paul_Sarbanes_Paul_Sarbanes_0003.jpg,lfw_Richard_Gere_Richard_Gere_0001.jpg,different,Richard_Gere_Paul_Sarbanes
685,lfw_Juan_Carlos_Ferrero_Juan_Carlos_Ferrero_0002.jpg,lfw_Julianne_Moore_Julianne_Moore_0014.jpg,different,Juan_Carlos_Ferrero_Julianne_Moore
686,celeba_1090_179188.jpg,celeba_9533_145208.jpg,different,9533_1090
687,vggface2_n000304_0232_01.jpg,vggface2_n000455_0058_01.jpg,different,n000304_n000455
688,lfw_Jimmy_Carter_Jimmy_Carter_0009.jpg,lfw_Juan_Carlos_Ferrero_Juan_Carlos_Ferrero_0001.jpg,different,Jimmy_Carter_Juan_Carlos_Ferrero
689,celeba_3529_024394.jpg,celeba_6031_134783.jpg,different,3529_6031
690,lfw_Lisa_Ling_Lisa_Ling_0002.jpg,lfw_Tom_Daschle_Tom_Daschle_0013.jpg,different,Tom_Daschle_Lisa_Ling
691,casia_001836_00131814.jpg,casia_002646_00171628.jpg,different,001836_002646
692,lfw_George_W_Bush_George_W_Bush_0054.jpg,lfw_George_W_Bush_George_W_Bush_0317.jpg,same,George_W_Bush
693,vggface2_n000088_0236_01.jpg,vggface2_n000336_0227_01.jpg,different,n000088_n000336
694,vggface2_n000098_0426_01.jpg,vggface2_n000098_0116_01.jpg,same,n000098
695,lfw_Mark_Philippoussis_Mark_Philippoussis_0007.jpg,lfw_Vicente_Fox_Vicente_Fox_0014.jpg,different,Vicente_Fox_Mark_Philippoussis
696,vggface2_n000011_0124_01.jpg,vggface2_n000043_0511_01.jpg,different,n000043_n000011
697,lfw_Carla_Del_Ponte_Carla_Del_Ponte_0005.jpg,lfw_Laura_Bush_Laura_Bush_0035.jpg,different,Laura_Bush_Carla_Del_Ponte
698,casia_000658_00059974.jpg,casia_001266_00104249.jpg,different,000658_001266
699,celeba_7571_139030.jpg,celeba_8586_136773.jpg,different,7571_8586
700,vggface2_n000083_0105_01.jpg,vggface2_n000181_0047_01.jpg,different,n000181_n000083
701,celeba_4816_045621.jpg,celeba_5082_133086.jpg,different,5082_4816
702,lfw_Naomi_Watts_Naomi_Watts_0017.jpg,lfw_Queen_Rania_Queen_Rania_0005.jpg,different,Queen_Rania_Naomi_Watts
703,casia_000633_00058370.jpg,casia_005849_00319276.jpg,different,000633_005849
704,vggface2_n000179_0075_01.jpg,vggface2_n000390_0072_01.jpg,different,n000179_n000390
705,vggface2_n000193_0144_01.jpg,vggface2_n000264_0431_01.jpg,different,n000193_n000264
706,vggface2_n000119_0209_01.jpg,vggface2_n000425_0110_01.jpg,different,n000425_n000119
707,celeba_1155_017963.jpg,celeba_6305_043288.jpg,different,1155_6305
708,vggface2_n000027_0412_02.jpg,vggface2_n000446_0078_03.jpg,different,n000446_n000027
709,celeba_6365_073002.jpg,celeba_7711_140018.jpg,different,7711_6365
710,celeba_10021_060624.jpg,celeba_1255_153007.jpg,different,1255_10021
711,vggface2_n000158_0186_01.jpg,vggface2_n000438_0424_01.jpg,different,n000158_n000438
712,lfw_Frances_Fisher_Frances_Fisher_0001.jpg,lfw_Michael_Jackson_Michael_Jackson_0008.jpg,different,Michael_Jackson_Frances_Fisher
713,casia_000195_00024230.jpg,casia_008309_00417347.jpg,different,000195_008309
714,celeba_3972_151699.jpg,celeba_9167_113972.jpg,different,3972_9167
715,celeba_2087_175495.jpg,celeba_4439_084491.jpg,different,4439_2087
716,casia_001973_00137341.jpg,casia_010231_00481556.jpg,different,001973_010231
717,vggface2_n000214_0295_01.jpg,vggface2_n000409_0061_02.jpg,different,n000409_n000214
718,lfw_Jimmy_Kimmel_Jimmy_Kimmel_0001.jpg,lfw_Thaksin_Shinawatra_Thaksin_Shinawatra_0003.jpg,different,Jimmy_Kimmel_Thaksin_Shinawatra
719,celeba_3680_124988.jpg,celeba_5639_141152.jpg,different,5639_3680
720,celeba_6283_192361.jpg,celeba_728_100282.jpg,different,728_6283
721,casia_000158_00020058.jpg,casia_002379_00157456.jpg,different,002379_000158
722,lfw_Recep_Tayyip_Erdogan_Recep_Tayyip_Erdogan_0009.jpg,lfw_Tony_Shalhoub_Tony_Shalhoub_0004.jpg,different,Tony_Shalhoub_Recep_Tayyip_Erdogan
723,lfw_JK_Rowling_JK_Rowling_0004.jpg,lfw_Kate_Capshaw_Kate_Capshaw_0001.jpg,different,JK_Rowling_Kate_Capshaw
724,vggface2_n000345_0231_02.jpg,vggface2_n000463_0362_01.jpg,different,n000345_n000463
725,celeba_2491_176519.jpg,celeba_9144_119197.jpg,different,2491_9144
726,celeba_2938_029987.jpg,celeba_8679_022229.jpg,different,2938_8679
727,celeba_3089_057139.jpg,celeba_6136_057788.jpg,different,3089_6136
728,vggface2_n000206_0134_01.jpg,vggface2_n000353_0001_05.jpg,different,n000206_n000353
729,casia_000546_00052419.jpg,casia_001604_00120647.jpg,different,001604_000546
730,celeba_6714_127578.jpg,celeba_7817_149337.jpg,different,6714_7817
731,celeba_6969_061025.jpg,celeba_8098_201409.jpg,different,8098_6969
732,vggface2_n000166_0250_01.jpg,vggface2_n000464_0148_02.jpg,different,n000464_n000166
733,celeba_4684_168025.jpg,celeba_5207_018034.jpg,different,4684_5207
734,lfw_Hugo_Chavez_Hugo_Chavez_0038.jpg,lfw_Jiri_Novak_Jiri_Novak_0003.jpg,different,Jiri_Novak_Hugo_Chavez
735,casia_005191_00289240.jpg,casia_005697_00311970.jpg,different,005697_005191
736,casia_002004_00139259.jpg,casia_006181_00334031.jpg,different,002004_006181
737,lfw_Francisco_Flores_Francisco_Flores_0001.jpg,lfw_Lucio_Gutierrez_Lucio_Gutierrez_0004.jpg,different,Lucio_Gutierrez_Francisco_Flores
738,lfw_David_Beckham_David_Beckham_0010.jpg,lfw_Steve_Waugh_Steve_Waugh_0001.jpg,different,David_Beckham_Steve_Waugh
739,lfw_Paul_Martin_Paul_Martin_0001.jpg,lfw_Ricardo_Lopez_Murphy_Ricardo_Lopez_Murphy_0002.jpg,different,Ricardo_Lopez_Murphy_Paul_Martin
740,celeba_1340_080809.jpg,celeba_9528_112693.jpg,different,1340_9528
741,vggface2_n000086_0112_01.jpg,vggface2_n000323_0346_01.jpg,different,n000086_n000323
742,lfw_Kurt_Busch_Kurt_Busch_0002.jpg,lfw_Noah_Wyle_Noah_Wyle_0001.jpg,different,Kurt_Busch_Noah_Wyle
743,vggface2_n000012_0340_01.jpg,vggface2_n000301_0049_02.jpg,different,n000012_n000301
744,celeba_4162_099648.jpg,celeba_898_065413.jpg,different,898_4162
745,vggface2_n000118_0058_02.jpg,vggface2_n000462_0110_01.jpg,different,n000118_n000462
746,celeba_10044_034723.jpg,celeba_1115_093133.jpg,different,10044_1115
747,lfw_Robert_Torricelli_Robert_Torricelli_0002.jpg,lfw_Spencer_Abraham_Spencer_Abraham_0013.jpg,different,Spencer_Abraham_Robert_Torricelli
748,vggface2_n000059_0146_01.jpg,vggface2_n000059_0202_01.jpg,same,n000059
749,vggface2_n000036_0335_02.jpg,vggface2_n000036_0118_03.jpg,same,n000036
750,celeba_1689_181147.jpg,celeba_3438_112116.jpg,different,1689_3438
751,vggface2_n000400_0501_02.jpg,vggface2_n000449_0058_01.jpg,different,n000400_n000449
752,vggface2_n000065_0266_01.jpg,vggface2_n000330_0168_01.jpg,different,n000330_n000065
753,vggface2_n000194_0021_01.jpg,vggface2_n000409_0239_01.jpg,different,n000409_n000194
754,lfw_Taha_Yassin_Ramadan_Taha_Yassin_Ramadan_0005.jpg,lfw_Toshihiko_Fukui_Toshihiko_Fukui_0001.jpg,different,Toshihiko_Fukui_Taha_Yassin_Ramadan
755,celeba_3507_175002.jpg,celeba_9225_065904.jpg,different,9225_3507
756,casia_004405_00254617.jpg,casia_008087_00410196.jpg,different,004405_008087
757,vggface2_n000172_0231_01.jpg,vggface2_n000172_0402_01.jpg,same,n000172
758,celeba_2892_054221.jpg,celeba_5560_185557.jpg,different,2892_5560
759,lfw_Dalai_Lama_Dalai_Lama_0001.jpg,lfw_Jiri_Novak_Jiri_Novak_0004.jpg,different,Jiri_Novak_Dalai_Lama
760,celeba_6135_190984.jpg,celeba_7043_042599.jpg,different,6135_7043
761,lfw_Al_Sharpton_Al_Sharpton_0003.jpg,lfw_Tony_Blair_Tony_Blair_0011.jpg,different,Tony_Blair_Al_Sharpton
762,casia_003448_00209187.jpg,casia_006972_00368858.jpg,different,006972_003448
763,casia_000027_00004884.jpg,casia_009199_00448774.jpg,different,000027_009199
764,celeba_4322_015371.jpg,celeba_9020_088628.jpg,different,4322_9020
765,celeba_6809_183978.jpg,celeba_8954_039540.jpg,different,8954_6809
766,vggface2_n000418_0217_01.jpg,vggface2_n000469_0058_02.jpg,different,n000418_n000469
767,lfw_LeBron_James_LeBron_James_0001.jpg,lfw_Prince_Claus_Prince_Claus_0004.jpg,different,LeBron_James_Prince_Claus
768,casia_000611_00056835.jpg,casia_010047_00476137.jpg,different,000611_010047
769,vggface2_n000053_0187_01.jpg,vggface2_n000272_0091_01.jpg,different,n000272_n000053
770,celeba_2780_107929.jpg,celeba_9897_015890.jpg,different,9897_2780
771,vggface2_n000144_0021_01.jpg,vggface2_n000273_0038_01.jpg,different,n000144_n000273
772,lfw_Jerry_Springer_Jerry_Springer_0004.jpg,lfw_Nestor_Kirchner_Nestor_Kirchner_0032.jpg,different,Jerry_Springer_Nestor_Kirchner
773,celeba_7647_057494.jpg,celeba_8280_191123.jpg,different,8280_7647
774,lfw_Ashton_Kutcher_Ashton_Kutcher_0002.jpg,lfw_Neri_Marcore_Neri_Marcore_0001.jpg,different,Neri_Marcore_Ashton_Kutcher
775,vggface2_n000442_0079_01.jpg,vggface2_n000442_0132_01.jpg,same,n000442
776,vggface2_n000024_0192_02.jpg,vggface2_n000392_0191_03.jpg,different,n000024_n000392
777,casia_004285_00247816.jpg,casia_009692_00464591.jpg,different,009692_004285
778,celeba_786_175802.jpg,celeba_921_173904.jpg,different,921_786
779,casia_008856_00437569.jpg,casia_009527_00459470.jpg,different,008856_009527
780,celeba_7081_157010.jpg,celeba_9024_072927.jpg,different,7081_9024
781,casia_001002_00082541.jpg,casia_005292_00294255.jpg,different,005292_001002
782,vggface2_n000044_0294_01.jpg,vggface2_n000214_0177_01.jpg,different,n000214_n000044
783,vggface2_n000049_0244_01.jpg,vggface2_n000345_0081_03.jpg,different,n000345_n000049
784,casia_004569_00261741.jpg,casia_008272_00416146.jpg,different,008272_004569
785,casia_001575_00119326.jpg,casia_009255_00451297.jpg,different,009255_001575
786,casia_002652_00172104.jpg,casia_003364_00204694.jpg,different,003364_002652
787,lfw_Frank_Cassell_Frank_Cassell_0002.jpg,lfw_Tiger_Woods_Tiger_Woods_0020.jpg,different,Frank_Cassell_Tiger_Woods
788,casia_000253_00030370.jpg,casia_007646_00394194.jpg,different,007646_000253
789,lfw_Pierre_Pettigrew_Pierre_Pettigrew_0003.jpg,lfw_Tom_Hanks_Tom_Hanks_0008.jpg,different,Pierre_Pettigrew_Tom_Hanks
790,celeba_7828_061570.jpg,celeba_8781_103291.jpg,different,7828_8781
791,vggface2_n000108_0317_01.jpg,vggface2_n000481_0061_01.jpg,different,n000108_n000481
792,vggface2_n000475_0068_02.jpg,vggface2_n000475_0208_02.jpg,same,n000475
793,casia_002359_00156472.jpg,casia_009931_00472479.jpg,different,002359_009931
794,celeba_547_132325.jpg,celeba_9228_145386.jpg,different,547_9228
795,celeba_5489_002662.jpg,celeba_56_182430.jpg,different,5489_56
796,celeba_4551_149188.jpg,celeba_5546_116894.jpg,different,5546_4551
797,casia_002254_00151723.jpg,casia_002751_00177893.jpg,different,002254_002751
798,vggface2_n000247_0046_01.jpg,vggface2_n000436_0003_01.jpg,different,n000436_n000247
799,celeba_2019_140022.jpg,celeba_3208_003709.jpg,different,2019_3208
